Model,MAE,RMSE,R2
Linear Regression,16034.10789678626,29635.3589862215,0.890458465629306
Random Forest,15934.67005119454,26622.57345944106,0.9115987302213623
Gradient Boosting,15307.733027693304,26892.546551243275,0.909796727597623
